Workbook

Sheet tips
A1: sex | B1: smoker | C1: day | D1: time | E1: size | F1: total_bill | G1: tip
A2: Female | B2: No | C2: Sun | D2: Dinner | E2: 2 | F2: 16.99 | G2: 1.01
A3: Male | B3: No | C3: Sun | D3: Dinner | E3: 3 | F3: 10.34 | G3: 1.66 | J3: sex | K3: Gender of the customer
A4: Male | B4: No | C4: Sun | D4: Dinner | E4: 3 | F4: 21.01 | G4: 3.5 | J4: smoker | K4: Indicates if the customer is a smoker or not
A5: Male | B5: No | C5: Sun | D5: Dinner | E5: 2 | F5: 23.68 | G5: 3.31 | J5: day | K5: Day of the restaurant visit
A6: Female | B6: No | C6: Sun | D6: Dinner | E6: 4 | F6: 24.59 | G6: 3.61 | J6: time | K6: Indicates whether the tip was for lunch or dinner
A7: Male | B7: No | C7: Sun | D7: Dinner | E7: 4 | F7: 25.29 | G7: 4.71 | J7: size | K7: Number of members dining
A8: Male | B8: No | C8: Sun | D8: Dinner | E8: 2 | F8: 8.77 | G8: 2 | J8: total bill | K8: Bill amount in USD
A9: Male | B9: No | C9: Sun | D9: Dinner | E9: 4 | F9: 26.88 | G9: 3.12 | J9: tip | K9: Tip amount in USD
A10: Male | B10: No | C10: Sun | D10: Dinner | E10: 2 | F10: 15.04 | G10: 1.96
A11: Male | B11: No | C11: Sun | D11: Dinner | E11: 2 | F11: 14.78 | G11: 3.23
A12: Male | B12: No | C12: Sun | D12: Dinner | E12: 2 | F12: 10.27 | G12: 1.71
A13: Female | B13: No | C13: Sun | D13: Dinner | E13: 4 | F13: 35.26 | G13: 5
A14: Male | B14: No | C14: Sun | D14: Dinner | E14: 2 | F14: 15.42 | G14: 1.57
A15: Male | B15: No | C15: Sun | D15: Dinner | E15: 4 | F15: 18.43 | G15: 3
A16: Female | B16: No | C16: Sun | D16: Dinner | E16: 2 | F16: 14.83 | G16: 3.02
A17: Male | B17: No | C17: Sun | D17: Dinner | E17: 2 | F17: 21.58 | G17: 3.92
A18: Female | B18: No | C18: Sun | D18: Dinner | E18: 3 | F18: 10.33 | G18: 1.67
A19: Male | B19: No | C19: Sun | D19: Dinner | E19: 3 | F19: 16.29 | G19: 3.71
A20: Female | B20: No | C20: Sun | D20: Dinner | E20: 3 | F20: 16.97 | G20: 3.5
A21: Male | B21: No | C21: Sat | D21: Dinner | E21: 3 | F21: 20.65 | G21: 3.35
... A244: Female | B244: No | C244: Thur | D244: Dinner | E244: 2 | F244: 18.78 | G244: 3

Sheet Sheet2
A1: SUMMARY OUTPUT
A3: Regression Statistics
A4: Multiple R | B4: 0.68474709
A5: R Square | B5: 0.46887858
A6: Adjusted R Square | B6: 0.45537549
A7: Standard Error | B7: 1.0221132
A8: Observations | B8: 243
A10: ANOVA
B11: df | C11: SS | D11: MS | E11: F | F11: Significance F
A12: Regression | B12: 6 | C12: 217.65898 | D12: 36.276496 | E12: 34.723806 | F12: 5.9835161e-30
A13: Residual | B13: 236 | C13: 246.55284 | D13: 1.0447154
A14: Total | B14: 242 | C14: 464.21182
B16: Coefficients | C16: Standard Error | D16: t Stat | E16: P-value | F16: Lower 95% | G16: Upper 95% | H16: Lower 95.0% | I16: Upper 95.0%
A17: Intercept | B17: 0.7594434 | C17: 0.40084047 | D17: 1.8946275 | E17: 0.059364253 | F17: -0.03023913 | G17: 1.5491259 | H17: -0.03023913 | I17: 1.5491259
A18: X Variable 1 | B18: 0.037183538 | C18: 0.14111059 | D18: 0.26350636 | E18: 0.79239025 | F18: -0.24081375 | G18: 0.31518083 | H18: -0.24081375 | I18: 0.31518083
A19: X Variable 2 | B19: -0.073687759 | C19: 0.14007061 | D19: -0.52607579 | E19: 0.59932956 | F19: -0.34963623 | G19: 0.20226071 | H19: -0.34963623 | I19: 0.20226071
A20: X Variable 3 | B20: 0.088727763 | C20: 0.1979456 | D20: 0.44824318 | E20: 0.65438894 | F20: -0.30123829 | G20: 0.47869382 | H20: -0.30123829 | I20: 0.47869382
A21: X Variable 4 | B21: -0.053498843 | C21: 0.074899968 | D21: -0.71427057 | E21: 0.47576575 | F21: -0.20105679 | G21: 0.094059101 | H21: -0.20105679 | I21: 0.094059101
A22: X Variable 5 | B22: 0.17393312 | C22: 0.0889047 | D22: 1.9563996 | E22: 0.051597599 | F22: -0.0012150863 | G22: 0.34908132 | H22: -0.0012150863 | I22: 0.34908132
A23: X Variable 6 | B23: 0.09437403 | C23: 0.0095509494 | D23: 9.8811151 | E23: 1.7174986e-19 | F23: 0.075558021 | G23: 0.11319004 | H23: 0.075558021 | I23: 0.11319004

Sheet Sheet1
A1: Sex encoded | B1: Smoker encoded | C1: Time encoded | D1: Day encoded | E1: size | F1: total_bill | G1: tip | I1: 0.7594434 | J1: 0.037183538 | K1: -0.073687759 | L1: 0.088727763 | M1: -0.053498843 | N1: 0.17393312 | O1: 0.09437403 | P1: Predicted Tip | Q1: Error | R1: Square Error
A2: =IF(tips!A2="Male",1,2) -> 2 | B2: =IF(tips!B2="No",1,2) -> 1 | C2: =IF(tips!D2="Dinner",1,2) -> 1 | D2: =IF(tips!C2="Sun",1,IF(tips!C2="Fri",2,IF(tips!C2="Sat",3,IF(tips!C2="Thur",4)))) -> 1 | E2: 2 | F2: 16.99 | G2: 1.01 | I2: 0.7594434 | J2: =$J$1*A2 -> 0.074367076 | K2: =$K$1*B2 -> -0.073687759 | L2: =$L$1*C2 -> 0.088727763 | M2: =$M$1*D2 -> -0.053498843 | N2: =$N$1*E2 -> 0.34786623 | O2: =$O$1*F2 -> 1.6034148 | P2: =SUM(I2:O2) -> 2.7466326 | Q2: =G2-P2 -> -1.7366326 | R2: =Q2*Q2 -> 3.0158929
A3: =IF(tips!A3="Male",1,2) -> 1 | B3: =IF(tips!B3="No",1,2) -> 1 | C3: =IF(tips!D3="Dinner",1,2) -> 1 | D3: =IF(tips!C3="Sun",1,IF(tips!C3="Fri",2,IF(tips!C3="Sat",3,IF(tips!C3="Thur",4)))) -> 1 | E3: 3 | F3: 10.34 | G3: 1.66 | I3: 0.7594434 | J3: =$J$1*A3 -> 0.037183538 | K3: =$K$1*B3 -> -0.073687759 | L3: =$L$1*C3 -> 0.088727763 | M3: =$M$1*D3 -> -0.053498843 | N3: =$N$1*E3 -> 0.52179935 | O3: =$O$1*F3 -> 0.97582747 | P3: =SUM(I3:O3) -> 2.2557949 | Q3: =G3-P3 -> -0.59579492 | R3: =Q3*Q3 -> 0.35497158
A4: =IF(tips!A4="Male",1,2) -> 1 | B4: =IF(tips!B4="No",1,2) -> 1 | C4: =IF(tips!D4="Dinner",1,2) -> 1 | D4: =IF(tips!C4="Sun",1,IF(tips!C4="Fri",2,IF(tips!C4="Sat",3,IF(tips!C4="Thur",4)))) -> 1 | E4: 3 | F4: 21.01 | G4: 3.5 | I4: 0.7594434 | J4: =$J$1*A4 -> 0.037183538 | K4: =$K$1*B4 -> -0.073687759 | L4: =$L$1*C4 -> 0.088727763 | M4: =$M$1*D4 -> -0.053498843 | N4: =$N$1*E4 -> 0.52179935 | O4: =$O$1*F4 -> 1.9827984 | P4: =SUM(I4:O4) -> 3.2627658 | Q4: =G4-P4 -> 0.23723418 | R4: =Q4*Q4 -> 0.056280057
A5: =IF(tips!A5="Male",1,2) -> 1 | B5: =IF(tips!B5="No",1,2) -> 1 | C5: =IF(tips!D5="Dinner",1,2) -> 1 | D5: =IF(tips!C5="Sun",1,IF(tips!C5="Fri",2,IF(tips!C5="Sat",3,IF(tips!C5="Thur",4)))) -> 1 | E5: 2 | F5: 23.68 | G5: 3.31 | I5: 0.7594434 | J5: =$J$1*A5 -> 0.037183538 | K5: =$K$1*B5 -> -0.073687759 | L5: =$L$1*C5 -> 0.088727763 | M5: =$M$1*D5 -> -0.053498843 | N5: =$N$1*E5 -> 0.34786623 | O5: =$O$1*F5 -> 2.234777 | P5: =SUM(I5:O5) -> 3.3408114 | Q5: =G5-P5 -> -0.030811363 | R5: =Q5*Q5 -> 0.00094934012 | T5: Mean square error | U5: =AVERAGE(R2:R244) -> 1.0146207
A6: =IF(tips!A6="Male",1,2) -> 2 | B6: =IF(tips!B6="No",1,2) -> 1 | C6: =IF(tips!D6="Dinner",1,2) -> 1 | D6: =IF(tips!C6="Sun",1,IF(tips!C6="Fri",2,IF(tips!C6="Sat",3,IF(tips!C6="Thur",4)))) -> 1 | E6: 4 | F6: 24.59 | G6: 3.61 | I6: 0.7594434 | J6: =$J$1*A6 -> 0.074367076 | K6: =$K$1*B6 -> -0.073687759 | L6: =$L$1*C6 -> 0.088727763 | M6: =$M$1*D6 -> -0.053498843 | N6: =$N$1*E6 -> 0.69573246 | O6: =$O$1*F6 -> 2.3206574 | P6: =SUM(I6:O6) -> 3.8117415 | Q6: =G6-P6 -> -0.2017415 | R6: =Q6*Q6 -> 0.040699633 | T6: RMSE | U6: =SQRT(U5) -> 1.0072838
A7: =IF(tips!A7="Male",1,2) -> 1 | B7: =IF(tips!B7="No",1,2) -> 1 | C7: =IF(tips!D7="Dinner",1,2) -> 1 | D7: =IF(tips!C7="Sun",1,IF(tips!C7="Fri",2,IF(tips!C7="Sat",3,IF(tips!C7="Thur",4)))) -> 1 | E7: 4 | F7: 25.29 | G7: 4.71 | I7: 0.7594434 | J7: =$J$1*A7 -> 0.037183538 | K7: =$K$1*B7 -> -0.073687759 | L7: =$L$1*C7 -> 0.088727763 | M7: =$M$1*D7 -> -0.053498843 | N7: =$N$1*E7 -> 0.69573246 | O7: =$O$1*F7 -> 2.3867192 | P7: =SUM(I7:O7) -> 3.8406198 | Q7: =G7-P7 -> 0.86938022 | R7: =Q7*Q7 -> 0.75582196 | U7: =0.7594+0.0372*A2-0.0737*B2+0.0887*C2-0.0535*D2+0.1739*E2+0.0944*F2 -> 2.746956
A8: =IF(tips!A8="Male",1,2) -> 1 | B8: =IF(tips!B8="No",1,2) -> 1 | C8: =IF(tips!D8="Dinner",1,2) -> 1 | D8: =IF(tips!C8="Sun",1,IF(tips!C8="Fri",2,IF(tips!C8="Sat",3,IF(tips!C8="Thur",4)))) -> 1 | E8: 2 | F8: 8.77 | G8: 2 | I8: 0.7594434 | J8: =$J$1*A8 -> 0.037183538 | K8: =$K$1*B8 -> -0.073687759 | L8: =$L$1*C8 -> 0.088727763 | M8: =$M$1*D8 -> -0.053498843 | N8: =$N$1*E8 -> 0.34786623 | O8: =$O$1*F8 -> 0.82766024 | P8: =SUM(I8:O8) -> 1.9336946 | Q8: =G8-P8 -> 0.066305427 | R8: =Q8*Q8 -> 0.0043964096
A9: =IF(tips!A9="Male",1,2) -> 1 | B9: =IF(tips!B9="No",1,2) -> 1 | C9: =IF(tips!D9="Dinner",1,2) -> 1 | D9: =IF(tips!C9="Sun",1,IF(tips!C9="Fri",2,IF(tips!C9="Sat",3,IF(tips!C9="Thur",4)))) -> 1 | E9: 4 | F9: 26.88 | G9: 3.12 | I9: 0.7594434 | J9: =$J$1*A9 -> 0.037183538 | K9: =$K$1*B9 -> -0.073687759 | L9: =$L$1*C9 -> 0.088727763 | M9: =$M$1*D9 -> -0.053498843 | N9: =$N$1*E9 -> 0.69573246 | O9: =$O$1*F9 -> 2.5367739 | P9: =SUM(I9:O9) -> 3.9906745 | Q9: =G9-P9 -> -0.87067449 | R9: =Q9*Q9 -> 0.75807407
A10: =IF(tips!A10="Male",1,2) -> 1 | B10: =IF(tips!B10="No",1,2) -> 1 | C10: =IF(tips!D10="Dinner",1,2) -> 1 | D10: =IF(tips!C10="Sun",1,IF(tips!C10="Fri",2,IF(tips!C10="Sat",3,IF(tips!C10="Thur",4)))) -> 1 | E10: 2 | F10: 15.04 | G10: 1.96 | I10: 0.7594434 | J10: =$J$1*A10 -> 0.037183538 | K10: =$K$1*B10 -> -0.073687759 | L10: =$L$1*C10 -> 0.088727763 | M10: =$M$1*D10 -> -0.053498843 | N10: =$N$1*E10 -> 0.34786623 | O10: =$O$1*F10 -> 1.4193854 | P10: =SUM(I10:O10) -> 2.5254197 | Q10: =G10-P10 -> -0.56541974 | R10: =Q10*Q10 -> 0.31969949
A11: =IF(tips!A11="Male",1,2) -> 1 | B11: =IF(tips!B11="No",1,2) -> 1 | C11: =IF(tips!D11="Dinner",1,2) -> 1 | D11: =IF(tips!C11="Sun",1,IF(tips!C11="Fri",2,IF(tips!C11="Sat",3,IF(tips!C11="Thur",4)))) -> 1 | E11: 2 | F11: 14.78 | G11: 3.23 | I11: 0.7594434 | J11: =$J$1*A11 -> 0.037183538 | K11: =$K$1*B11 -> -0.073687759 | L11: =$L$1*C11 -> 0.088727763 | M11: =$M$1*D11 -> -0.053498843 | N11: =$N$1*E11 -> 0.34786623 | O11: =$O$1*F11 -> 1.3948482 | P11: =SUM(I11:O11) -> 2.5008825 | Q11: =G11-P11 -> 0.72911751 | R11: =Q11*Q11 -> 0.53161234
A12: =IF(tips!A12="Male",1,2) -> 1 | B12: =IF(tips!B12="No",1,2) -> 1 | C12: =IF(tips!D12="Dinner",1,2) -> 1 | D12: =IF(tips!C12="Sun",1,IF(tips!C12="Fri",2,IF(tips!C12="Sat",3,IF(tips!C12="Thur",4)))) -> 1 | E12: 2 | F12: 10.27 | G12: 1.71 | I12: 0.7594434 | J12: =$J$1*A12 -> 0.037183538 | K12: =$K$1*B12 -> -0.073687759 | L12: =$L$1*C12 -> 0.088727763 | M12: =$M$1*D12 -> -0.053498843 | N12: =$N$1*E12 -> 0.34786623 | O12: =$O$1*F12 -> 0.96922129 | P12: =SUM(I12:O12) -> 2.0752556 | Q12: =G12-P12 -> -0.36525562 | R12: =Q12*Q12 -> 0.13341167
A13: =IF(tips!A13="Male",1,2) -> 2 | B13: =IF(tips!B13="No",1,2) -> 1 | C13: =IF(tips!D13="Dinner",1,2) -> 1 | D13: =IF(tips!C13="Sun",1,IF(tips!C13="Fri",2,IF(tips!C13="Sat",3,IF(tips!C13="Thur",4)))) -> 1 | E13: 4 | F13: 35.26 | G13: 5 | I13: 0.7594434 | J13: =$J$1*A13 -> 0.074367076 | K13: =$K$1*B13 -> -0.073687759 | L13: =$L$1*C13 -> 0.088727763 | M13: =$M$1*D13 -> -0.053498843 | N13: =$N$1*E13 -> 0.69573246 | O13: =$O$1*F13 -> 3.3276283 | P13: =SUM(I13:O13) -> 4.8187124 | Q13: =G13-P13 -> 0.1812876 | R13: =Q13*Q13 -> 0.032865193
A14: =IF(tips!A14="Male",1,2) -> 1 | B14: =IF(tips!B14="No",1,2) -> 1 | C14: =IF(tips!D14="Dinner",1,2) -> 1 | D14: =IF(tips!C14="Sun",1,IF(tips!C14="Fri",2,IF(tips!C14="Sat",3,IF(tips!C14="Thur",4)))) -> 1 | E14: 2 | F14: 15.42 | G14: 1.57 | I14: 0.7594434 | J14: =$J$1*A14 -> 0.037183538 | K14: =$K$1*B14 -> -0.073687759 | L14: =$L$1*C14 -> 0.088727763 | M14: =$M$1*D14 -> -0.053498843 | N14: =$N$1*E14 -> 0.34786623 | O14: =$O$1*F14 -> 1.4552475 | P14: =SUM(I14:O14) -> 2.5612819 | Q14: =G14-P14 -> -0.99128187 | R14: =Q14*Q14 -> 0.98263975
A15: =IF(tips!A15="Male",1,2) -> 1 | B15: =IF(tips!B15="No",1,2) -> 1 | C15: =IF(tips!D15="Dinner",1,2) -> 1 | D15: =IF(tips!C15="Sun",1,IF(tips!C15="Fri",2,IF(tips!C15="Sat",3,IF(tips!C15="Thur",4)))) -> 1 | E15: 4 | F15: 18.43 | G15: 3 | I15: 0.7594434 | J15: =$J$1*A15 -> 0.037183538 | K15: =$K$1*B15 -> -0.073687759 | L15: =$L$1*C15 -> 0.088727763 | M15: =$M$1*D15 -> -0.053498843 | N15: =$N$1*E15 -> 0.69573246 | O15: =$O$1*F15 -> 1.7393134 | P15: =SUM(I15:O15) -> 3.1932139 | Q15: =G15-P15 -> -0.19321394 | R15: =Q15*Q15 -> 0.037331625
A16: =IF(tips!A16="Male",1,2) -> 2 | B16: =IF(tips!B16="No",1,2) -> 1 | C16: =IF(tips!D16="Dinner",1,2) -> 1 | D16: =IF(tips!C16="Sun",1,IF(tips!C16="Fri",2,IF(tips!C16="Sat",3,IF(tips!C16="Thur",4)))) -> 1 | E16: 2 | F16: 14.83 | G16: 3.02 | I16: 0.7594434 | J16: =$J$1*A16 -> 0.074367076 | K16: =$K$1*B16 -> -0.073687759 | L16: =$L$1*C16 -> 0.088727763 | M16: =$M$1*D16 -> -0.053498843 | N16: =$N$1*E16 -> 0.34786623 | O16: =$O$1*F16 -> 1.3995669 | P16: =SUM(I16:O16) -> 2.5427847 | Q16: =G16-P16 -> 0.47721527 | R16: =Q16*Q16 -> 0.22773441
A17: =IF(tips!A17="Male",1,2) -> 1 | B17: =IF(tips!B17="No",1,2) -> 1 | C17: =IF(tips!D17="Dinner",1,2) -> 1 | D17: =IF(tips!C17="Sun",1,IF(tips!C17="Fri",2,IF(tips!C17="Sat",3,IF(tips!C17="Thur",4)))) -> 1 | E17: 2 | F17: 21.58 | G17: 3.92 | I17: 0.7594434 | J17: =$J$1*A17 -> 0.037183538 | K17: =$K$1*B17 -> -0.073687759 | L17: =$L$1*C17 -> 0.088727763 | M17: =$M$1*D17 -> -0.053498843 | N17: =$N$1*E17 -> 0.34786623 | O17: =$O$1*F17 -> 2.0365916 | P17: =SUM(I17:O17) -> 3.1426259 | Q17: =G17-P17 -> 0.7773741 | R17: =Q17*Q17 -> 0.60431049
A18: =IF(tips!A18="Male",1,2) -> 2 | B18: =IF(tips!B18="No",1,2) -> 1 | C18: =IF(tips!D18="Dinner",1,2) -> 1 | D18: =IF(tips!C18="Sun",1,IF(tips!C18="Fri",2,IF(tips!C18="Sat",3,IF(tips!C18="Thur",4)))) -> 1 | E18: 3 | F18: 10.33 | G18: 1.67 | I18: 0.7594434 | J18: =$J$1*A18 -> 0.074367076 | K18: =$K$1*B18 -> -0.073687759 | L18: =$L$1*C18 -> 0.088727763 | M18: =$M$1*D18 -> -0.053498843 | N18: =$N$1*E18 -> 0.52179935 | O18: =$O$1*F18 -> 0.97488373 | P18: =SUM(I18:O18) -> 2.2920347 | Q18: =G18-P18 -> -0.62203471 | R18: =Q18*Q18 -> 0.38692719
A19: =IF(tips!A19="Male",1,2) -> 1 | B19: =IF(tips!B19="No",1,2) -> 1 | C19: =IF(tips!D19="Dinner",1,2) -> 1 | D19: =IF(tips!C19="Sun",1,IF(tips!C19="Fri",2,IF(tips!C19="Sat",3,IF(tips!C19="Thur",4)))) -> 1 | E19: 3 | F19: 16.29 | G19: 3.71 | I19: 0.7594434 | J19: =$J$1*A19 -> 0.037183538 | K19: =$K$1*B19 -> -0.073687759 | L19: =$L$1*C19 -> 0.088727763 | M19: =$M$1*D19 -> -0.053498843 | N19: =$N$1*E19 -> 0.52179935 | O19: =$O$1*F19 -> 1.537353 | P19: =SUM(I19:O19) -> 2.8173204 | Q19: =G19-P19 -> 0.8926796 | R19: =Q19*Q19 -> 0.79687687
... A244: =IF(tips!A244="Male",1,2) -> 2 | B244: =IF(tips!B244="No",1,2) -> 1 | C244: =IF(tips!D244="Dinner",1,2) -> 1 | D244: =IF(tips!C244="Sun",1,IF(tips!C244="Fri",2,IF(tips!C244="Sat",3,IF(tips!C244="Thur",4)))) -> 4 | E244: 2 | F244: 18.78 | G244: 3 | I244: 0.7594434 | J244: =$J$1*A244 -> 0.074367076 | K244: =$K$1*B244 -> -0.073687759 | L244: =$L$1*C244 -> 0.088727763 | M244: =$M$1*D244 -> -0.21399537 | N244: =$N$1*E244 -> 0.34786623 | O244: =$O$1*F244 -> 1.7723443 | P244: =SUM(I244:O244) -> 2.7550656 | Q244: =G244-P244 -> 0.24493437 | R244: =Q244*Q244 -> 0.059992848
A245: =CORREL(A2:A244,$G$2:$G$244) -> -0.085273975 | B245: =CORREL(B2:B244,$G$2:$G$244) -> 0.00976275 | C245: =CORREL(C2:C244,$G$2:$G$244) -> -0.11759639 | D245: =CORREL(D2:D244,$G$2:$G$244) -> -0.1184303 | E245: =CORREL(E2:E244,$G$2:$G$244) -> 0.48840039 | F245: =CORREL(F2:F244,$G$2:$G$244) -> 0.67499786 | P245: =SUM(P1:P244) -> 729.58
